"Vos notes Kindle pour :",,,
"THE CUSTOMER SUCCESS PROFESSIONAL'S HANDBOOK: HOW TO THRIVE IN ONE OF THE WORLD'S FASTEST GROWING CAREERS--WHILE DRIVING GROWTH FOR YOUR COMPANY (ENGLISH EDITION)",,,
"de Ashvin Vaidyanathan, Ruben Rabago",,,
"Aperçu instantané Kindle gratuit :",,,
"https://amzn.eu/9RsToTG",,,
----------------------------------------------,,,
,,,
"Type d'annotation","Emplacement","Suivi ?","Annotation"
"Surlignement (Jaune)","Emplacement 575","","acquiring new logos."
"Note","Emplacement 576","","@@sales Expression"
"Surlignement (Jaune)","Emplacement 590","","Customer Success is a new mindset, and the role of Customer Success Manager is its ambassador."
